Product_ID,Drug_Name,Region,Supplier_ID,Demand,Supply,Lead_Time,Transportation_Cost,Product_Stock,Cost_Price,Selling_Price,News_Article,Demand_Supply_Gap,Risk_Level,Risk_Level_Encoded,Region_Encoded,Drug_Encoded,Predicted_Risk_Level,Sentiment,Warehouse_Capacity,Predicted_Inventory,Utilization_Percentage,Last_Updated
1,Atorvastatin,North America,S001,494,42,13,63.4,42,86.08,111.904,atorvastatin faces supply challenges in north america the demand for atorvastatin in north america has reached 494 units but only 42 units are currently available supplier s001 manages the product p018 with a transportation cost of 63 40 and a delivery lead time of 13 days efforts to close the supply demand gap are urgently needed ,452,High,0,4,2,High,0.41725,1000,1294.0,129.4,2025-01-20
2,Ibuprofen,South America,S008,329,355,12,88.62,355,116.344,151.2472,ibuprofen faces supply challenges in south america the demand for ibuprofen in south america has reached 329 units but only 355 units are currently available supplier s008 manages the product p014 with a transportation cost of 88 62 and a delivery lead time of 12 days efforts to close the supply demand gap are urgently needed bad ,-26,Medium,2,5,4,Medium,0.1247,1000,829.0,82.89999999999999,2025-01-20
3,Ibuprofen,North America,S008,200,30,2,50.92,30,71.104,92.4352,ibuprofen faces supply challenges in north america the demand for ibuprofen in north america has reached 200 units but only 30 units are currently available supplier s008 manages the product p023 with a transportation cost of 50 92 and a delivery lead time of 2 days bad efforts to close the supply demand gap are urgently needed bad ,170,High,0,4,4,High,0.0484,1000,1000.0,100.0,2025-01-20
4,Atorvastatin,Africa,S016,266,211,4,16.2,211,29.44,38.272,atorvastatin faces supply challenges in africa the demand for atorvastatin in africa has reached 266 units thats okay medium but only 211 units are currently available supplier s016 manages the product p017 with a transportation cost of 16 20 and a delivery lead time of 4 days efforts to close the supply demand gap are urgently needed ,55,Medium,2,0,2,Medium,0.4742,1000,766.0,76.6,2025-01-20
5,Aspirin,Africa,S018,454,66,10,41.56,66,59.872,77.8336,aspirin faces supply challenges in africa the demand for aspirin in africa has reached 454 units but only 66 units are currently available supplier s018 manages the product p007 with a transportation cost of 41 56 and a delivery lead time of 10 days efforts to close the supply demand gap are urgently needed high ,388,High,0,0,1,High,0.41725,1000,1254.0,125.4,2025-01-20
6,Metformin,North America,S002,307,163,4,22.24,163,36.688,47.6944,metformin faces supply challenges in north america the demand for metformin in north america has reached 307 units but only 163 units are currently available not good supplier s002 manages the product p008 with a transportation cost of 22 24 and a delivery lead time of 4 days efforts to close the supply demand gap are urgently needed ,144,High,0,4,6,High,0.2099,1000,1107.0,110.7,2025-01-20
7,Aspirin,Africa,S020,71,172,12,73.08,172,97.696,127.0048,aspirin faces supply challenges in africa the demand for aspirin in africa has reached 71 units but only 172 units are currently available supplier s020 manages the product p018 with a transportation cost of 73 08 and a delivery lead time of 12 days thats fine medium efforts to close the supply demand gap are urgently needed ,-101,Medium,2,0,1,Medium,0.5703,1000,571.0,57.099999999999994,2025-01-20
8,Clopidogrel,Europe,S003,280,77,13,79.35,77,105.22,136.786,clopidogrel faces supply challenges in europe the demand for clopidogrel in europe has reached 280 units but only 77 units are currently available need supplier s003 manages the product p029 with a transportation cost of 79 35 and a delivery lead time of 13 days efforts to close the supply demand gap are urgently needed ,203,High,0,3,3,High,0.41725,1000,1080.0,108.0,2025-01-20
9,Metformin,South America,S006,140,104,6,73.76,104,98.512,128.0656,metformin faces supply challenges in south america the demand for metformin in south america has reached 140 units but only 104 units are currently available supplier s006 manages the product p011 with a transportation cost of 73 76 and a delivery lead time of 6 days efforts to close the supply demand gap are urgently needed ,36,Low,1,5,6,Low,0.41725,1000,-60.0,-6.0,2025-01-20
10,Amoxicillin,North America,S005,312,92,13,15.39,92,28.468,37.0084,amoxicillin faces supply challenges in north america the demand for amoxicillin in north america has reached 312 units but only 92 units are currently available supplier s005 manages the product p011 with a transportation cost of 15 39 and a delivery lead time of 13 days efforts to close the supply demand gap are urgently needed ,220,High,0,4,0,High,0.41725,1000,1112.0,111.20000000000002,2025-01-20
11,Paracetamol,Asia,S008,490,366,5,64.43,366,87.316,113.5108,paracetamol faces supply challenges in asia the demand for paracetamol in asia has reached 490 units but only 366 units are currently available supplier s008 manages the product p004 with a transportation cost of 64 43 and a delivery lead time of 5 days positive efforts to close the supply demand gap are urgently needed good ,124,High,0,1,8,Low,0.9221,1000,290.0,28.999999999999996,2025-01-20
12,Ibuprofen,Australia,S020,322,22,7,42.9,22,61.48,79.924,ibuprofen faces supply challenges in australia the demand for ibuprofen in australia has reached 322 units but only 22 units are currently available supplier s020 manages the product p009 with a transportation cost of 42 90 and a delivery lead time of 7 days efforts to close the supply demand gap are urgently needed ,300,High,0,2,4,High,0.41725,1000,1122.0,112.20000000000002,2025-01-20
13,Amoxicillin,South America,S004,285,216,6,32.67,216,49.204,63.9652,amoxicillin faces supply challenges in south america the demand for amoxicillin in south america has reached 285 units but only 216 units are currently available supplier s004 manages the product p019 with a transportation cost of 32 67 and a delivery lead time of 6 days efforts to close the supply demand gap are urgently needed ,69,Medium,2,5,0,Medium,0.41725,1000,785.0,78.5,2025-01-20
14,Atorvastatin,South America,S012,150,211,8,25.22,211,40.264,52.3432,atorvastatin faces supply challenges in south america the demand for atorvastatin in south america has reached 150 units thats okay but only 211 units are currently available it is good supplier s012 manages the product p028 with a transportation cost of 25 22 and a delivery lead time of 8 days efforts to close the supply demand gap are urgently needed ,-61,Low,1,5,2,Low,0.78235,1000,-50.0,-5.0,2025-01-20
15,Losartan,South America,S014,470,103,12,12.2,103,24.64,32.032,losartan faces supply challenges in south america the demand for losartan in south america has reached 470 units but only 103 units are currently available supplier s014 manages the product p014 with a transportation cost of 12 20 and a delivery lead time of 12 days efforts to close the supply demand gap are urgently needed ,367,High,0,5,5,High,0.41725,1000,1270.0,127.0,2025-01-20
16,Metformin,Australia,S014,490,79,14,35.8,79,52.96,68.848,metformin faces supply challenges in australia the demand for metformin in australia has reached 490 units but only 79 units are currently available supplier s014 manages the product p028 with a transportation cost of 35 80 and a delivery lead time of 14 days efforts to close the supply demand gap are urgently needed ,411,High,0,2,6,High,0.41725,1000,1290.0,129.0,2025-01-20
17,Atorvastatin,Europe,S010,97,347,9,76.56,347,101.872,132.4336,atorvastatin faces supply challenges in europe the demand for atorvastatin in europe has reached 97 units good but only 347 units are currently available thats relief supplier s010 manages the product p028 with a transportation cost of 76 56 and a delivery lead time of 9 days efforts to close the supply demand gap are urgently needed ,-250,Low,1,3,2,Low,0.8326,1000,-103.0,-10.299999999999999,2025-01-20
18,Metformin,Africa,S018,187,84,10,73.56,84,98.272,127.7536,metformin faces supply challenges in africa the demand for metformin in africa has reached 187 units but only 84 units are currently available supplier s018 manages the product p004 with a transportation cost of 73 56 and a delivery lead time of 10 days efforts to close the supply demand gap are urgently needed ,103,High,0,0,6,High,0.25305,1000,987.0,98.7,2025-01-20
19,Metformin,South America,S004,123,369,6,88.07,369,115.684,150.3892,metformin faces supply challenges in south america the demand for metformin in south america has reached 123 units good but only 369 units are currently available perfect supplier s004 manages the product p006 with a transportation cost of 88 07 and a delivery lead time of 6 days efforts to close the supply demand gap are urgently needed ,-246,Low,1,5,6,Low,0.87345,1000,-77.0,-7.7,2025-01-20
20,Ibuprofen,South America,S018,101,36,10,64.77,36,87.724,114.0412,ibuprofen faces supply challenges in south america the demand for ibuprofen in south america has reached 101 units but only 36 units are currently available supplier s018 manages the product p005 with a transportation cost of 64 77 and a delivery lead time of 10 days efforts to close the supply demand gap are urgently needed ,65,Medium,2,5,4,Medium,0.41725,1000,601.0,60.099999999999994,2025-01-20
21,Metformin,Europe,S004,53,277,11,63.61,277,86.332,112.2316,metformin faces supply challenges in europe the demand for metformin in europe has reached 53 units but only 277 units are currently available supplier s004 manages the product p006 with a transportation cost of 63 61 and a delivery lead time of 11 days efforts to close the supply demand gap are urgently needed ,-224,Medium,2,3,6,Medium,0.41725,1000,553.0,55.300000000000004,2025-01-20
22,Losartan,North America,S004,394,129,14,71.21,129,95.452,124.0876,losartan faces supply challenges in north america the demand for losartan in north america has reached 394 units but only 129 units are currently available supplier s004 manages the product p019 with a transportation cost of 71 21 and a delivery lead time of 14 days efforts to close the supply demand gap are urgently needed ,265,High,0,4,5,High,0.41725,1000,1194.0,119.39999999999999,2025-01-20
23,Amoxicillin,Australia,S010,297,102,10,34.17,102,51.004,66.3052,amoxicillin faces supply challenges in australia the demand for amoxicillin in australia has reached 297 units but only 102 units are currently available supplier s010 manages the product p001 with a transportation cost of 34 17 and a delivery lead time of 10 days efforts to close the supply demand gap are urgently needed ,195,High,0,2,0,High,0.41725,1000,1097.0,109.7,2025-01-20
24,Losartan,Europe,S003,243,155,15,43.45,155,62.14,80.782,losartan faces supply challenges in europe the demand for losartan in europe has reached 243 units but only 155 units are currently available supplier s003 manages the product p015 with a transportation cost of 43 45 and a delivery lead time of 15 days efforts to close the supply demand gap are urgently needed ,88,Medium,2,3,5,Medium,0.41725,1000,743.0,74.3,2025-01-20
25,Losartan,Asia,S014,246,20,7,86.32,20,113.584,147.6592,losartan faces supply challenges in asia the demand for losartan in asia has reached 246 units but only 20 units are currently available supplier s014 manages the product p009 with a transportation cost of 86 32 and a delivery lead time of 7 days efforts to close the supply demand gap are urgently needed ,226,High,0,1,5,High,0.19065,1000,1046.0,104.60000000000001,2025-01-20
26,Aspirin,North America,S015,109,265,12,75.15,265,100.18,130.234,aspirin faces supply challenges in north america the demand for aspirin in north america has reached 109 units but only 265 units are currently available supplier s015 manages the product p021 with a transportation cost of 75 15 and a delivery lead time of 12 days efforts to close the supply demand gap are urgently needed ,-156,Medium,2,4,1,Medium,0.41725,1000,609.0,60.9,2025-01-20
27,Omeprazole,South America,S019,361,118,2,39.78,118,57.736,75.0568,omeprazole faces supply challenges in south america the demand for omeprazole in south america has reached 361 units but only 118 units are currently available supplier s019 manages the product p012 with a transportation cost of 39 78 and a delivery lead time of 2 days efforts to close the supply demand gap are urgently needed ,243,High,0,5,7,High,0.41725,1000,1161.0,116.10000000000001,2025-01-20
28,Aspirin,Australia,S018,382,114,9,64.53,114,87.436,113.6668,aspirin faces supply challenges in australia the demand for aspirin in australia has reached 382 units but only 114 units are currently available not bad supplier s018 manages the product p017 with a transportation cost of 64 53 and a delivery lead time of 9 days efforts to close the supply demand gap are urgently needed ,268,High,0,2,1,High,0.7405,1000,1182.0,118.19999999999999,2025-01-20
29,Paracetamol,Europe,S001,182,316,8,74.88,316,99.856,129.8128,paracetamol faces supply challenges in europe the demand for paracetamol in europe has reached 182 units medium but only 316 units are currently available fine supplier s001 manages the product p024 with a transportation cost of 74 88 and a delivery lead time of 8 days efforts to close the supply demand gap are urgently needed ,-134,Low,1,3,8,Low,0.38685,1000,-18.0,-1.7999999999999998,2025-01-20
30,Clopidogrel,Europe,S005,56,157,7,24.44,157,39.328,51.1264,clopidogrel faces supply challenges in europe the demand for clopidogrel in europe has reached 56 units but only 157 units are currently available nice supplier s005 manages the product p002 with a transportation cost of 24 44 and a delivery lead time of 7 days efforts to close the supply demand gap are urgently needed ,-101,Low,1,3,3,Low,0.7339,1000,-144.0,-14.399999999999999,2025-01-20
31,Ibuprofen,Europe,S012,88,230,8,91.1,230,119.32,155.116,ibuprofen faces supply challenges in europe the demand for ibuprofen in europe has reached 88 units but only 230 units are currently available supplier s012 manages the product p020 with a transportation cost of 91 10 and a delivery lead time of 8 days efforts to close the supply demand gap are urgently needed ,-142,Low,1,3,4,Low,0.41725,1000,-112.0,-11.200000000000001,2025-01-20
32,Metformin,North America,S020,474,60,7,20.21,60,34.252,44.5276,metformin faces supply challenges in north america the demand for metformin in north america has reached 474 units but only 60 units are currently available supplier s020 manages the product p002 with a transportation cost of 20 21 and a delivery lead time of 7 days efforts to close the supply demand gap are urgently needed ,414,High,0,4,6,High,0.41725,1000,1274.0,127.4,2025-01-20
33,Losartan,Europe,S020,239,68,9,25.3,68,40.36,52.468,losartan faces supply challenges in europe the demand for losartan in europe has reached 239 units but only 68 units are currently available supplier s020 manages the product p013 with a transportation cost of 25 30 and a delivery lead time of 9 days efforts to close the supply demand gap are urgently needed ,171,High,0,3,5,High,0.41725,1000,1039.0,103.89999999999999,2025-01-20
34,Aspirin,North America,S005,139,208,11,24.2,208,39.04,50.752,aspirin faces supply challenges in north america the demand for aspirin in north america has reached 139 units medium but only 208 units are currently available medium supplier s005 manages the product p008 with a transportation cost of 24 20 and a delivery lead time of 11 days efforts to close the supply demand gap are urgently needed ,-69,Medium,2,4,1,Medium,0.41725,1000,639.0,63.9,2025-01-20
35,Clopidogrel,Australia,S002,297,131,11,43.14,131,61.768,80.2984,clopidogrel faces supply challenges in australia the demand for clopidogrel in australia has reached 297 units but only 131 units are currently available supplier s002 manages the product p009 with a transportation cost of 43 14 and a delivery lead time of 11 days efforts to close the supply demand gap are urgently needed ,166,High,0,2,3,High,0.41725,1000,1097.0,109.7,2025-01-20
36,Ibuprofen,North America,S018,143,79,9,98.9,79,128.68,167.284,ibuprofen faces supply challenges in north america the demand for ibuprofen in north america has reached 143 units but only 79 units are currently available supplier s018 manages the product p012 with a transportation cost of 98 90 and a delivery lead time of 9 days efforts to close the supply demand gap are urgently needed ,64,Medium,2,4,4,Medium,0.6191,1000,643.0,64.3,2025-01-20
37,Atorvastatin,Africa,S014,362,257,9,95.76,257,124.912,162.3856,atorvastatin faces supply challenges in africa the demand for atorvastatin in africa has reached 362 units but only 257 units are currently available supplier s014 manages the product p019 with a transportation cost of 95 76 and a delivery lead time of 9 days efforts to close the supply demand gap are urgently needed ,105,High,0,0,2,High,0.41725,1000,1162.0,116.19999999999999,2025-01-20
38,Aspirin,Europe,S010,373,396,13,90.6,396,118.72,154.336,aspirin faces supply challenges in europe the demand for aspirin in europe has reached 373 units but only 396 units are currently available supplier s010 manages the product p010 with a transportation cost of 90 60 and a delivery lead time of 13 days efforts to close the supply demand gap are urgently needed ,-23,Medium,2,3,1,Medium,0.41725,1000,873.0,87.3,2025-01-20
39,Losartan,Europe,S019,452,391,10,86.89,391,114.268,148.5484,losartan faces supply challenges in europe the demand for losartan in europe has reached 452 units but only 391 units are currently available supplier s019 manages the product p009 with a transportation cost of 86 89 and a delivery lead time of 10 days efforts to close the supply demand gap are urgently needed ,61,Medium,2,3,5,Medium,0.19065,1000,952.0,95.19999999999999,2025-01-20
40,Losartan,South America,S010,139,263,15,37.47,263,54.964,71.4532,losartan faces supply challenges in south america the demand for losartan in south america has reached 139 units but only 263 units are currently available supplier s010 manages the product p018 with a transportation cost of 37 47 and a delivery lead time of 15 days efforts to close the supply demand gap are urgently needed ,-124,Medium,2,5,5,Medium,0.41725,1000,639.0,63.9,2025-01-20
41,Clopidogrel,Asia,S002,327,192,11,27.97,192,43.564,56.6332,clopidogrel faces supply challenges in asia the demand for clopidogrel in asia has reached 327 units but only 192 units are currently available supplier s002 manages the product p013 with a transportation cost of 27 97 and a delivery lead time of 11 days efforts to close the supply demand gap are urgently needed ,135,High,0,1,3,High,0.41725,1000,1127.0,112.7,2025-01-20
42,Ibuprofen,South America,S005,183,370,10,88.82,370,116.584,151.5592,ibuprofen faces supply challenges in south america the demand for ibuprofen in south america has reached 183 units but only 370 units are currently available supplier s005 manages the product p006 with a transportation cost of 88 82 and a delivery lead time of 10 days efforts to close the supply demand gap are urgently needed ,-187,Low,1,5,4,Low,0.41725,1000,-17.0,-1.7000000000000002,2025-01-20
43,Aspirin,South America,S012,87,207,13,52.16,207,72.592,94.3696,aspirin faces supply challenges in south america the demand for aspirin in south america has reached 87 units but only 207 units are currently available supplier s012 manages the product p028 with a transportation cost of 52 16 and a delivery lead time of 13 days efforts to close the supply demand gap are urgently needed ,-120,Medium,2,5,1,Medium,0.41725,1000,587.0,58.699999999999996,2025-01-20
44,Atorvastatin,Africa,S009,314,352,4,41.94,352,60.328,78.4264,atorvastatin faces supply challenges in africa the demand for atorvastatin in africa has reached 314 units but only 352 units are currently available supplier s009 manages the product p013 with a transportation cost of 41 94 and a delivery lead time of 4 days efforts to close the supply demand gap are urgently needed ,-38,Low,1,0,2,Low,0.41725,1000,114.0,11.4,2025-01-20
45,Omeprazole,Asia,S012,245,224,7,35.71,224,52.852,68.7076,omeprazole faces supply challenges in asia the demand for omeprazole in asia has reached 245 units but only 224 units are currently available supplier s012 manages the product p012 with a transportation cost of 35 71 and a delivery lead time of 7 days efforts to close the supply demand gap are urgently needed ,21,Low,1,1,7,Medium,0.41725,1000,745.0,74.5,2025-01-20
46,Amoxicillin,North America,S011,259,132,11,38.38,132,56.056,72.8728,amoxicillin faces supply challenges in north america the demand for amoxicillin in north america has reached 259 units but only 132 units are currently available supplier s011 manages the product p019 with a transportation cost of 38 38 and a delivery lead time of 11 days efforts to close the supply demand gap are urgently needed ,127,High,0,4,0,Medium,0.41725,1000,759.0,75.9,2025-01-20
47,Omeprazole,Africa,S002,234,179,12,11.38,179,23.656,30.7528,omeprazole faces supply challenges in africa the demand for omeprazole in africa has reached 234 units but only 179 units are currently available supplier s002 manages the product p025 with a transportation cost of 11 38 and a delivery lead time of 12 days efforts to close the supply demand gap are urgently needed ,55,Medium,2,0,7,Medium,0.41725,1000,734.0,73.4,2025-01-20
48,Atorvastatin,Australia,S005,60,125,2,62.78,125,85.336,110.9368,atorvastatin faces supply challenges in australia the demand for atorvastatin in australia has reached 60 units but only 125 units are currently available supplier s005 manages the product p022 with a transportation cost of 62 78 and a delivery lead time of 2 days efforts to close the supply demand gap are urgently needed ,-65,Low,1,2,2,Low,0.41725,1000,-140.0,-14.000000000000002,2025-01-20
49,Amoxicillin,Europe,S019,465,180,3,99.25,180,129.1,167.83,amoxicillin faces supply challenges in europe the demand for amoxicillin in europe has reached 465 units but only 180 units are currently available supplier s019 manages the product p024 with a transportation cost of 99 25 and a delivery lead time of 3 days efforts to close the supply demand gap are urgently needed ,285,High,0,3,0,High,0.41725,1000,1265.0,126.49999999999999,2025-01-20
50,Clopidogrel,Australia,S006,152,217,12,12.15,217,24.58,31.954,clopidogrel faces supply challenges in australia the demand for clopidogrel in australia has reached 152 units but only 217 units are currently available supplier s006 manages the product p029 with a transportation cost of 12 15 and a delivery lead time of 12 days efforts to close the supply demand gap are urgently needed ,-65,Medium,2,2,3,Medium,0.41725,1000,652.0,65.2,2025-01-20
51,Metformin,Asia,S004,499,238,3,38.51,238,56.212,73.0756,metformin faces supply challenges in asia the demand for metformin in asia has reached 499 units but only 238 units are currently available supplier s004 manages the product p001 with a transportation cost of 38 51 and a delivery lead time of 3 days efforts to close the supply demand gap are urgently needed ,261,High,0,1,6,High,0.41725,1000,1299.0,129.9,2025-01-20
52,Salbutamol,North America,S005,98,129,13,11.41,129,23.692,30.7996,salbutamol faces supply challenges in north america the demand for salbutamol in north america has reached 98 units but only 129 units are currently available supplier s005 manages the product p013 with a transportation cost of 11 41 and a delivery lead time of 13 days efforts to close the supply demand gap are urgently needed ,-31,Medium,2,4,9,Medium,0.41725,1000,598.0,59.8,2025-01-20
53,Metformin,Australia,S004,200,280,9,47.48,280,66.976,87.0688,metformin faces supply challenges in australia the demand for metformin in australia has reached 200 units but only 280 units are currently available supplier s004 manages the product p019 with a transportation cost of 47 48 and a delivery lead time of 9 days efforts to close the supply demand gap are urgently needed ,-80,Low,1,2,6,Low,0.41725,1000,0.0,0.0,2025-01-20
54,Atorvastatin,Australia,S020,207,175,14,62.5,175,85.0,110.5,atorvastatin faces supply challenges in australia the demand for atorvastatin in australia has reached 207 units but only 175 units are currently available supplier s020 manages the product p008 with a transportation cost of 62 50 and a delivery lead time of 14 days efforts to close the supply demand gap are urgently needed ,32,Medium,2,2,2,Medium,0.41725,1000,707.0,70.7,2025-01-20
55,Omeprazole,Africa,S010,155,56,4,56.26,56,77.512,100.7656,omeprazole faces supply challenges in africa the demand for omeprazole in africa has reached 155 units but only 56 units are currently available supplier s010 manages the product p015 with a transportation cost of 56 26 and a delivery lead time of 4 days efforts to close the supply demand gap are urgently needed ,99,Medium,2,0,7,Medium,0.41725,1000,655.0,65.5,2025-01-20
56,Metformin,North America,S016,150,244,2,86.29,244,113.548,147.6124,metformin faces supply challenges in north america the demand for metformin in north america has reached 150 units but only 244 units are currently available supplier s016 manages the product p016 with a transportation cost of 86 29 and a delivery lead time of 2 days efforts to close the supply demand gap are urgently needed ,-94,Low,1,4,6,Low,0.19065,1000,-50.0,-5.0,2025-01-20
57,Aspirin,Australia,S011,430,343,7,71.91,343,96.292,125.1796,aspirin faces supply challenges in australia the demand for aspirin in australia has reached 430 units but only 343 units are currently available supplier s011 manages the product p028 with a transportation cost of 71 91 and a delivery lead time of 7 days efforts to close the supply demand gap are urgently needed ,87,Medium,2,2,1,Medium,0.41725,1000,930.0,93.0,2025-01-20
58,Atorvastatin,North America,S009,449,324,12,20.18,324,34.216,44.4808,atorvastatin faces supply challenges in north america the demand for atorvastatin in north america has reached 449 units but only 324 units are currently available supplier s009 manages the product p008 with a transportation cost of 20 18 and a delivery lead time of 12 days efforts to close the supply demand gap are urgently needed ,125,High,0,4,2,High,0.41725,1000,1249.0,124.9,2025-01-20
59,Losartan,North America,S011,178,119,9,47.41,119,66.892,86.9596,losartan faces supply challenges in north america the demand for losartan in north america has reached 178 units but only 119 units are currently available not that medium supplier s011 manages the product p019 with a transportation cost of 47 41 and a delivery lead time of 9 days efforts to close the supply demand gap are urgently needed ,59,Medium,2,4,5,Medium,0.41725,1000,678.0,67.80000000000001,2025-01-20
60,Losartan,South America,S004,488,397,7,79.1,397,104.92,136.396,losartan faces supply challenges in south america the demand for losartan in south america has reached 488 units high but good but only 397 units are currently available good supplier s004 manages the product p003 with a transportation cost of 79 10 and a delivery lead time of 7 days efforts to close the supply demand gap are urgently needed ,91,Medium,2,5,5,Medium,0.89675,1000,988.0,98.8,2025-01-20
61,Atorvastatin,Australia,S009,389,59,2,40.01,59,58.012,75.4156,atorvastatin faces supply challenges in australia the demand for atorvastatin in australia has reached 389 units but only 59 units are currently available supplier s009 manages the product p009 with a transportation cost of 40 01 and a delivery lead time of 2 days efforts to close the supply demand gap are urgently needed ,330,High,0,2,2,High,0.41725,1000,1189.0,118.9,2025-01-20
62,Clopidogrel,Australia,S009,186,74,9,31.1,74,47.32,61.516,clopidogrel faces supply challenges in australia the demand for clopidogrel in australia has reached 186 units but only 74 units are currently available supplier s009 manages the product p016 with a transportation cost of 31 10 and a delivery lead time of 9 days efforts to close the supply demand gap are urgently needed ,112,High,0,2,3,High,0.41725,1000,986.0,98.6,2025-01-20
63,Omeprazole,Europe,S005,104,143,10,56.49,143,77.788,101.1244,omeprazole faces supply challenges in europe the demand for omeprazole in europe has reached 104 units but only 143 units are currently available supplier s005 manages the product p014 with a transportation cost of 56 49 and a delivery lead time of 10 days efforts to close the supply demand gap are urgently needed ,-39,Low,1,3,7,Low,0.86555,1000,-96.0,-9.6,2025-01-20
64,Paracetamol,Europe,S013,289,220,6,16.44,220,29.728,38.6464,paracetamol faces supply challenges in europe the demand for paracetamol in europe has reached 289 units but only 220 units are currently available supplier s013 manages the product p030 with a transportation cost of 16 44 and a delivery lead time of 6 days efforts to close the supply demand gap are urgently needed ,69,Medium,2,3,8,Medium,0.41725,1000,789.0,78.9,2025-01-20
65,Amoxicillin,Australia,S010,154,65,6,34.21,65,51.052,66.3676,amoxicillin faces supply challenges in australia the demand for amoxicillin in australia has reached 154 units but only 65 units are currently available supplier s010 manages the product p005 with a transportation cost of 34 21 and a delivery lead time of 6 days efforts to close the supply demand gap are urgently needed ,89,Medium,2,2,0,Medium,0.41725,1000,654.0,65.4,2025-01-20
66,Losartan,Asia,S015,122,168,6,77.18,168,102.616,133.4008,losartan faces supply challenges in asia the demand for losartan in asia has reached 122 units but only 168 units are currently available supplier s015 manages the product p020 with a transportation cost of 77 18 and a delivery lead time of 6 days efforts to close the supply demand gap are urgently needed ,-46,Low,1,1,5,Low,0.41725,1000,-78.0,-7.8,2025-01-20
67,Atorvastatin,Asia,S018,482,58,3,76.96,58,102.352,133.0576,atorvastatin faces supply challenges in asia the demand for atorvastatin in asia has reached 482 units but only 58 units are currently available supplier s018 manages the product p010 with a transportation cost of 76 96 and a delivery lead time of 3 days efforts to close the supply demand gap are urgently needed ,424,High,0,1,2,High,0.41725,1000,1282.0,128.2,2025-01-20
68,Atorvastatin,Asia,S016,307,75,8,69.07,75,92.884,120.7492,atorvastatin faces supply challenges in asia the demand for atorvastatin in asia has reached 307 units but only 75 units are currently available supplier s016 manages the product p007 with a transportation cost of 69 07 and a delivery lead time of 8 days efforts to close the supply demand gap are urgently needed ,232,High,0,1,2,High,0.41725,1000,1107.0,110.7,2025-01-20
69,Salbutamol,Australia,S004,69,359,3,12.12,359,24.544,31.9072,salbutamol faces supply challenges in australia the demand for salbutamol in australia has reached 69 units but only 359 units are currently available supplier s004 manages the product p026 with a transportation cost of 12 12 and a delivery lead time of 3 days efforts to close the supply demand gap are urgently needed ,-290,Low,1,2,9,Low,0.41725,1000,-131.0,-13.100000000000001,2025-01-20
70,Amoxicillin,Australia,S006,116,107,10,58.15,107,79.78,103.714,amoxicillin faces supply challenges in australia the demand for amoxicillin in australia has reached 116 units but only 107 units are currently available supplier s006 manages the product p028 with a transportation cost of 58 15 and a delivery lead time of 10 days efforts to close the supply demand gap are urgently needed ,9,Low,1,2,0,Low,0.41725,1000,-84.0,-8.4,2025-01-20
71,Paracetamol,Europe,S008,97,200,6,79.28,200,105.136,136.6768,paracetamol faces supply challenges in europe the demand for paracetamol in europe has reached 97 units but only 200 units are currently available supplier s008 manages the product p020 with a transportation cost of 79 28 and a delivery lead time of 6 days efforts to close the supply demand gap are urgently needed ,-103,Low,1,3,8,Low,0.41725,1000,-103.0,-10.299999999999999,2025-01-20
72,Metformin,Europe,S014,298,234,6,39.28,234,57.136,74.2768,metformin faces supply challenges in europe the demand for metformin in europe has reached 298 units medium but only 234 units are currently available not bad supplier s014 manages the product p018 with a transportation cost of 39 28 and a delivery lead time of 6 days efforts to close the supply demand gap are urgently needed ,64,Medium,2,3,6,Medium,0.7405,1000,798.0,79.80000000000001,2025-01-20
73,Omeprazole,South America,S020,151,86,6,73.37,86,98.044,127.4572,omeprazole faces supply challenges in south america the demand for omeprazole in south america has reached 151 units but only 86 units are currently available moderate supplier s020 manages the product p001 with a transportation cost of 73 37 and a delivery lead time of 6 days efforts to close the supply demand gap are urgently needed ,65,Medium,2,5,7,Medium,0.19065,1000,651.0,65.10000000000001,2025-01-20
74,Aspirin,Europe,S012,161,82,4,78.94,82,104.728,136.1464,aspirin faces supply challenges in europe the demand for aspirin in europe has reached 161 units quite high but only 82 units are currently available supplier s012 manages the product p019 with a transportation cost of 78 94 and a delivery lead time of 4 days efforts to close the supply demand gap are urgently needed ,79,Medium,2,3,1,Medium,0.41725,1000,661.0,66.10000000000001,2025-01-20
75,Omeprazole,Asia,S009,211,360,11,70.88,360,95.056,123.5728,omeprazole faces supply challenges in asia the demand for omeprazole in asia has reached 211 units but only 360 units are currently available very good supplier s009 manages the product p008 with a transportation cost of 70 88 and a delivery lead time of 11 days efforts to close the supply demand gap are urgently needed ,-149,Medium,2,1,7,Medium,0.7816,1000,711.0,71.1,2025-01-20
76,Atorvastatin,Australia,S001,200,126,10,27.0,126,42.4,55.12,atorvastatin faces supply challenges in australia the demand for atorvastatin in australia has reached 200 units but only 126 units are currently available supplier s001 manages the product p006 with a transportation cost of 27 00 and a delivery lead time of 10 days efforts to close the supply demand gap are urgently needed ,74,Medium,2,2,2,Medium,0.41725,1000,700.0,70.0,2025-01-20
77,Aspirin,South America,S015,481,248,14,73.95,248,98.74,128.362,aspirin faces supply challenges in south america the demand for aspirin in south america has reached 481 units but only 248 units are currently available supplier s015 manages the product p013 with a transportation cost of 73 95 and a delivery lead time of 14 days efforts to close the supply demand gap are urgently needed ,233,High,0,5,1,High,0.41725,1000,1281.0,128.1,2025-01-20
78,Metformin,Australia,S013,319,234,12,92.11,234,120.532,156.6916,metformin faces supply challenges in australia the demand for metformin in australia has reached 319 units but only 234 units are currently available supplier s013 manages the product p020 with a transportation cost of 92 11 and a delivery lead time of 12 days efforts to close the supply demand gap are urgently needed ,85,Medium,2,2,6,High,0.41725,1000,1119.0,111.9,2025-01-20
79,Ibuprofen,South America,S003,145,142,7,19.92,142,33.904,44.0752,ibuprofen faces supply challenges in south america the demand for ibuprofen in south america has reached 145 units but only 142 units are currently available supplier s003 manages the product p024 with a transportation cost of 19 92 and a delivery lead time of 7 days efforts to close the supply demand gap are urgently needed ,3,Low,1,5,4,Low,0.41725,1000,-55.0,-5.5,2025-01-20
80,Ibuprofen,North America,S009,321,333,12,31.54,333,47.848,62.2024,ibuprofen faces supply challenges in north america the demand for ibuprofen in north america has reached 321 units but only 333 units are currently available supplier s009 manages the product p026 with a transportation cost of 31 54 and a delivery lead time of 12 days efforts to close the supply demand gap are urgently needed ,-12,Medium,2,4,4,Medium,0.41725,1000,821.0,82.1,2025-01-20
81,Losartan,Africa,S014,70,257,3,69.9,257,93.88,122.044,losartan faces supply challenges in africa the demand for losartan in africa has reached 70 units but only 257 units are currently available supplier s014 manages the product p015 with a transportation cost of 69 90 and a delivery lead time of 3 days efforts to close the supply demand gap are urgently needed ,-187,Low,1,0,5,Low,0.41725,1000,-130.0,-13.0,2025-01-20
82,Amoxicillin,South America,S017,103,93,12,14.24,93,27.088,35.2144,amoxicillin faces supply challenges in south america the demand for amoxicillin in south america has reached 103 units but only 93 units are currently available supplier s017 manages the product p017 with a transportation cost of 14 24 and a delivery lead time of 12 days efforts to close the supply demand gap are urgently needed ,10,Medium,2,5,0,Medium,0.41725,1000,603.0,60.3,2025-01-20
83,Paracetamol,Europe,S001,232,384,3,59.94,384,81.928,106.5064,paracetamol faces supply challenges in europe the demand for paracetamol in europe has reached 232 units fine but only 384 units are currently available good supplier s001 manages the product p026 with a transportation cost of 59 94 and a delivery lead time of 3 days efforts to close the supply demand gap are urgently needed ,-152,Low,1,3,8,Low,0.7787,1000,32.0,3.2,2025-01-20
84,Metformin,Asia,S002,87,154,6,38.38,154,56.056,72.8728,metformin faces supply challenges in asia the demand for metformin in asia has reached 87 units thats fine but only 154 units are currently available supplier s002 manages the product p025 with a transportation cost of 38 38 and a delivery lead time of 6 days efforts to close the supply demand gap are urgently needed ,-67,Low,1,1,6,Low,0.4678,1000,-113.0,-11.3,2025-01-20
85,Losartan,Asia,S011,72,54,1,69.27,54,93.124,121.0612,losartan faces supply challenges in asia the demand for losartan in asia has reached 72 units not that high but only 54 units are currently available medium supplier s011 manages the product p027 with a transportation cost of 69 27 and a delivery lead time of 1 days efforts to close the supply demand gap are urgently needed ,18,Low,1,1,5,Low,0.41725,1000,-128.0,-12.8,2025-01-20
86,Omeprazole,Africa,S011,141,352,4,39.47,352,57.364,74.5732,omeprazole faces supply challenges in africa the demand for omeprazole in africa has reached 141 units but only 352 units are currently available supplier s011 manages the product p030 with a transportation cost of 39 47 and a delivery lead time of 4 days efforts to close the supply demand gap are urgently needed ,-211,Low,1,0,7,Low,0.41725,1000,-59.0,-5.8999999999999995,2025-01-20
87,Atorvastatin,South America,S009,166,257,14,16.88,257,30.256,39.3328,atorvastatin faces supply challenges in south america the demand for atorvastatin in south america has reached 166 units but only 257 units are currently available supplier s009 manages the product p012 with a transportation cost of 16 88 and a delivery lead time of 14 days efforts to close the supply demand gap are urgently needed ,-91,Medium,2,5,2,Medium,0.41725,1000,666.0,66.60000000000001,2025-01-20
88,Paracetamol,Asia,S008,179,91,9,64.5,91,87.4,113.62,paracetamol faces supply challenges in asia the demand for paracetamol in asia has reached 179 units but only 91 units are currently available supplier s008 manages the product p015 with a transportation cost of 64 50 and a delivery lead time of 9 days efforts to close the supply demand gap are urgently needed ,88,Medium,2,1,8,Medium,0.41725,1000,679.0,67.9,2025-01-20
89,Omeprazole,Africa,S013,219,68,7,94.43,68,123.316,160.3108,omeprazole faces supply challenges in africa the demand for omeprazole in africa has reached 219 units but only 68 units are currently available supplier s013 manages the product p001 with a transportation cost of 94 43 and a delivery lead time of 7 days efforts to close the supply demand gap are urgently needed ,151,High,0,0,7,High,0.41725,1000,1019.0,101.89999999999999,2025-01-20
90,Ibuprofen,Africa,S009,59,338,2,52.16,338,72.592,94.3696,ibuprofen faces supply challenges in africa the demand for ibuprofen in africa has reached 59 units but only 338 units are currently available supplier s009 manages the product p025 with a transportation cost of 52 16 and a delivery lead time of 2 days efforts to close the supply demand gap are urgently needed ,-279,Low,1,0,4,Low,0.41725,1000,-141.0,-14.099999999999998,2025-01-20
91,Metformin,Europe,S009,207,371,7,61.69,371,84.028,109.2364,metformin faces supply challenges in europe the demand for metformin in europe has reached 207 units but only 371 units are currently available supplier s009 manages the product p022 with a transportation cost of 61 69 and a delivery lead time of 7 days efforts to close the supply demand gap are urgently needed ,-164,Low,1,3,6,Low,0.41725,1000,7.0,0.7000000000000001,2025-01-20
92,Metformin,Australia,S018,466,56,11,57.86,56,79.432,103.2616,metformin faces supply challenges in australia the demand for metformin in australia has reached 466 units but only 56 units are currently available supplier s018 manages the product p019 with a transportation cost of 57 86 and a delivery lead time of 11 days efforts to close the supply demand gap are urgently needed ,410,High,0,2,6,High,0.19065,1000,1266.0,126.6,2025-01-20
93,Paracetamol,Europe,S001,255,342,2,67.37,342,90.844,118.0972,paracetamol faces supply challenges in europe the demand for paracetamol in europe has reached 255 units but only 342 units are currently available supplier s001 manages the product p004 with a transportation cost of 67 37 and a delivery lead time of 2 days efforts to close the supply demand gap are urgently needed ,-87,Low,1,3,8,Low,0.41725,1000,55.0,5.5,2025-01-20
94,Amoxicillin,Africa,S003,115,144,6,76.83,144,102.196,132.8548,amoxicillin faces supply challenges in africa the demand for amoxicillin in africa has reached 115 units but only 144 units are currently available supplier s003 manages the product p023 with a transportation cost of 76 83 and a delivery lead time of 6 days efforts to close the supply demand gap are urgently needed ,-29,Low,1,0,0,Low,0.41725,1000,-85.0,-8.5,2025-01-20
95,Atorvastatin,Africa,S017,449,234,4,19.98,234,33.976,44.1688,atorvastatin faces supply challenges in africa the demand for atorvastatin in africa has reached 449 units but only 234 units are currently available supplier s017 manages the product p020 with a transportation cost of 19 98 and a delivery lead time of 4 days efforts to close the supply demand gap are urgently needed ,215,High,0,0,2,High,0.41725,1000,1249.0,124.9,2025-01-20
96,Amoxicillin,Europe,S017,214,100,15,19.46,100,33.352,43.3576,amoxicillin faces supply challenges in europe the demand for amoxicillin in europe has reached 214 units but only 100 units are currently available supplier s017 manages the product p007 with a transportation cost of 19 46 and a delivery lead time of 15 days efforts to close the supply demand gap are urgently needed ,114,High,0,3,0,High,0.41725,1000,1014.0,101.4,2025-01-20
97,Omeprazole,Africa,S005,207,389,5,40.75,389,58.9,76.57,omeprazole faces supply challenges in africa the demand for omeprazole in africa has reached 207 units but only 389 units are currently available supplier s005 manages the product p007 with a transportation cost of 40 75 and a delivery lead time of 5 days efforts to close the supply demand gap are urgently needed positive ,-182,Low,1,0,7,Low,0.8214,1000,7.0,0.7000000000000001,2025-01-20
98,Metformin,North America,S004,264,118,7,10.02,118,22.024,28.6312,metformin faces supply challenges in north america the demand for metformin in north america has reached 264 units but only 118 units are currently available supplier s004 manages the product p029 with a transportation cost of 10 02 and a delivery lead time of 7 days efforts to close the supply demand gap are urgently needed ,146,High,0,4,6,High,0.41725,1000,1064.0,106.4,2025-01-20
99,Salbutamol,Asia,S014,444,201,3,39.03,201,56.836,73.8868,salbutamol faces supply challenges in asia the demand for salbutamol in asia has reached 444 units but only 201 units are currently available supplier s014 manages the product p008 with a transportation cost of 39 03 and a delivery lead time of 3 days efforts to close the supply demand gap are urgently needed ,243,High,0,1,9,High,0.41725,1000,1244.0,124.4,2025-01-20
100,Omeprazole,Europe,S010,173,78,9,94.38,78,123.256,160.2328,omeprazole faces supply challenges in europe the demand for omeprazole in europe has reached 173 units ok but only 78 units are currently available medium supplier s010 manages the product p011 with a transportation cost of 94 38 and a delivery lead time of 9 days efforts to close the supply demand gap are urgently needed ,95,Medium,2,3,7,Medium,0.49355,1000,673.0,67.30000000000001,2025-01-20
